use ball;

set GLOBAL time_zone = 'Asia/Seoul';
set time_zone = 'Asia/Seoul';

INSERT INTO user VALUES ( 'admin', '1234', 'nick', 'b@naver.com', sysdate(), sysdate() );
INSERT INTO user VALUES ( 'user1', '1234', 'hana', 'a@naver.com', sysdate(), sysdate() );
INSERT INTO user VALUES ( 'user10', '1234', '유저닉네임10', 'userE10@naver.com', sysdate(), sysdate() );
INSERT INTO user VALUES ( 'user100', '1234', '유저닉네임100', 'userE100@naver.com', sysdate(), sysdate() );
INSERT INTO user VALUES ( 'user11', '1234', '유저닉네임11', 'userE11@naver.com', sysdate(), sysdate() );
INSERT INTO user VALUES ( 'user12', '1234', '유저닉네임12', 'userE12@naver.com', sysdate(), sysdate() );
INSERT INTO user VALUES ( 'user13', '1234', '유저닉네임13', 'userE13@naver.com', sysdate(), sysdate() );
INSERT INTO user VALUES ( 'user14', '1234', '유저닉네임14', 'userE14@naver.com', sysdate(), sysdate() );
INSERT INTO user VALUES ( 'user15', '1234', '유저닉네임15', 'userE15@naver.com', sysdate(), sysdate() );
INSERT INTO user VALUES ( 'user16', '1234', '유저닉네임16', 'userE16@naver.com', sysdate(), sysdate() );
INSERT INTO user VALUES ( 'user17', '1234', '유저닉네임17', 'userE17@naver.com', sysdate(), sysdate() );
INSERT INTO user VALUES ( 'user18', '1234', '유저닉네임18', 'userE18@naver.com', sysdate(), sysdate() );
INSERT INTO user VALUES ( 'user19', '1234', '유저닉네임19', 'userE19@naver.com', sysdate(), sysdate() );
INSERT INTO user VALUES ( 'user2', '1234', '유저닉네임2', 'userE2@naver.com', sysdate(), sysdate() );
INSERT INTO user VALUES ( 'user20', '1234', '유저닉네임20', 'userE20@naver.com', sysdate(), sysdate() );
INSERT INTO user VALUES ( 'user21', '1234', '유저닉네임21', 'userE21@naver.com', sysdate(), sysdate() );
INSERT INTO user VALUES ( 'user22', '1234', '유저닉네임22', 'userE22@naver.com', sysdate(), sysdate() );
INSERT INTO user VALUES ( 'user23', '1234', '유저닉네임23', 'userE23@naver.com', sysdate(), sysdate() );
INSERT INTO user VALUES ( 'user24', '1234', '유저닉네임24', 'userE24@naver.com', sysdate(), sysdate() );
INSERT INTO user VALUES ( 'user25', '1234', '유저닉네임25', 'userE25@naver.com', sysdate(), sysdate() );
INSERT INTO user VALUES ( 'user26', '1234', '유저닉네임26', 'userE26@naver.com', sysdate(), sysdate() );
INSERT INTO user VALUES ( 'user27', '1234', '유저닉네임27', 'userE27@naver.com', sysdate(), sysdate() );
INSERT INTO user VALUES ( 'user28', '1234', '유저닉네임28', 'userE28@naver.com', sysdate(), sysdate() );
INSERT INTO user VALUES ( 'user29', '1234', '유저닉네임29', 'userE29@naver.com', sysdate(), sysdate() );
INSERT INTO user VALUES ( 'user3', '1234', '유저닉네임3', 'userE3@naver.com', sysdate(), sysdate() );
INSERT INTO user VALUES ( 'user30', '1234', '유저닉네임30', 'userE30@naver.com', sysdate(), sysdate() );
INSERT INTO user VALUES ( 'user31', '1234', '유저닉네임31', 'userE31@naver.com', sysdate(), sysdate() );
INSERT INTO user VALUES ( 'user32', '1234', '유저닉네임32', 'userE32@naver.com', sysdate(), sysdate() );
INSERT INTO user VALUES ( 'user33', '1234', '유저닉네임33', 'userE33@naver.com', sysdate(), sysdate() );
INSERT INTO user VALUES ( 'user34', '1234', '유저닉네임34', 'userE34@naver.com', sysdate(), sysdate() );
INSERT INTO user VALUES ( 'user35', '1234', '유저닉네임35', 'userE35@naver.com', sysdate(), sysdate() );
INSERT INTO user VALUES ( 'user36', '1234', '유저닉네임36', 'userE36@naver.com', sysdate(), sysdate() );
INSERT INTO user VALUES ( 'user37', '1234', '유저닉네임37', 'userE37@naver.com', sysdate(), sysdate() );
INSERT INTO user VALUES ( 'user38', '1234', '유저닉네임38', 'userE38@naver.com', sysdate(), sysdate() );
INSERT INTO user VALUES ( 'user39', '1234', '유저닉네임39', 'userE39@naver.com', sysdate(), sysdate() );
INSERT INTO user VALUES ( 'user4', '1234', '유저닉네임4', 'userE4@naver.com', sysdate(), sysdate() );
INSERT INTO user VALUES ( 'user40', '1234', '유저닉네임40', 'userE40@naver.com', sysdate(), sysdate() );
INSERT INTO user VALUES ( 'user41', '1234', '유저닉네임41', 'userE41@naver.com', sysdate(), sysdate() );
INSERT INTO user VALUES ( 'user42', '1234', '유저닉네임42', 'userE42@naver.com', sysdate(), sysdate() );
INSERT INTO user VALUES ( 'user43', '1234', '유저닉네임43', 'userE43@naver.com', sysdate(), sysdate() );
INSERT INTO user VALUES ( 'user44', '1234', '유저닉네임44', 'userE44@naver.com', sysdate(), sysdate() );
INSERT INTO user VALUES ( 'user45', '1234', '유저닉네임45', 'userE45@naver.com', sysdate(), sysdate() );
INSERT INTO user VALUES ( 'user46', '1234', '유저닉네임46', 'userE46@naver.com', sysdate(), sysdate() );
INSERT INTO user VALUES ( 'user47', '1234', '유저닉네임47', 'userE47@naver.com', sysdate(), sysdate() );
INSERT INTO user VALUES ( 'user48', '1234', '유저닉네임48', 'userE48@naver.com', sysdate(), sysdate() );
INSERT INTO user VALUES ( 'user49', '1234', '유저닉네임49', 'userE49@naver.com', sysdate(), sysdate() );
INSERT INTO user VALUES ( 'user5', '1234', '유저닉네임5', 'userE5@naver.com', sysdate(), sysdate() );
INSERT INTO user VALUES ( 'user50', '1234', '유저닉네임50', 'userE50@naver.com', sysdate(), sysdate() );
INSERT INTO user VALUES ( 'user51', '1234', '유저닉네임51', 'userE51@naver.com', sysdate(), sysdate() );
INSERT INTO user VALUES ( 'user52', '1234', '유저닉네임52', 'userE52@naver.com', sysdate(), sysdate() );
INSERT INTO user VALUES ( 'user53', '1234', '유저닉네임53', 'userE53@naver.com', sysdate(), sysdate() );
INSERT INTO user VALUES ( 'user54', '1234', '유저닉네임54', 'userE54@naver.com', sysdate(), sysdate() );
INSERT INTO user VALUES ( 'user55', '1234', '유저닉네임55', 'userE55@naver.com', sysdate(), sysdate() );
INSERT INTO user VALUES ( 'user56', '1234', '유저닉네임56', 'userE56@naver.com', sysdate(), sysdate() );
INSERT INTO user VALUES ( 'user57', '1234', '유저닉네임57', 'userE57@naver.com', sysdate(), sysdate() );
INSERT INTO user VALUES ( 'user58', '1234', '유저닉네임58', 'userE58@naver.com', sysdate(), sysdate() );
INSERT INTO user VALUES ( 'user59', '1234', '유저닉네임59', 'userE59@naver.com', sysdate(), sysdate() );
INSERT INTO user VALUES ( 'user6', '1234', '유저닉네임6', 'userE6@naver.com', sysdate(), sysdate() );
INSERT INTO user VALUES ( 'user60', '1234', '유저닉네임60', 'userE60@naver.com', sysdate(), sysdate() );
INSERT INTO user VALUES ( 'user61', '1234', '유저닉네임61', 'userE61@naver.com', sysdate(), sysdate() );
INSERT INTO user VALUES ( 'user62', '1234', '유저닉네임62', 'userE62@naver.com', sysdate(), sysdate() );
INSERT INTO user VALUES ( 'user63', '1234', '유저닉네임63', 'userE63@naver.com', sysdate(), sysdate() );
INSERT INTO user VALUES ( 'user64', '1234', '유저닉네임64', 'userE64@naver.com', sysdate(), sysdate() );
INSERT INTO user VALUES ( 'user65', '1234', '유저닉네임65', 'userE65@naver.com', sysdate(), sysdate() );
INSERT INTO user VALUES ( 'user66', '1234', '유저닉네임66', 'userE66@naver.com', sysdate(), sysdate() );
INSERT INTO user VALUES ( 'user67', '1234', '유저닉네임67', 'userE67@naver.com', sysdate(), sysdate() );
INSERT INTO user VALUES ( 'user68', '1234', '유저닉네임68', 'userE68@naver.com', sysdate(), sysdate() );
INSERT INTO user VALUES ( 'user69', '1234', '유저닉네임69', 'userE69@naver.com', sysdate(), sysdate() );
INSERT INTO user VALUES ( 'user7', '1234', '유저닉네임7', 'userE7@naver.com', sysdate(), sysdate() );
INSERT INTO user VALUES ( 'user70', '1234', '유저닉네임70', 'userE70@naver.com', sysdate(), sysdate() );
INSERT INTO user VALUES ( 'user71', '1234', '유저닉네임71', 'userE71@naver.com', sysdate(), sysdate() );
INSERT INTO user VALUES ( 'user72', '1234', '유저닉네임72', 'userE72@naver.com', sysdate(), sysdate() );
INSERT INTO user VALUES ( 'user73', '1234', '유저닉네임73', 'userE73@naver.com', sysdate(), sysdate() );
INSERT INTO user VALUES ( 'user74', '1234', '유저닉네임74', 'userE74@naver.com', sysdate(), sysdate() );
INSERT INTO user VALUES ( 'user75', '1234', '유저닉네임75', 'userE75@naver.com', sysdate(), sysdate() );
INSERT INTO user VALUES ( 'user76', '1234', '유저닉네임76', 'userE76@naver.com', sysdate(), sysdate() );
INSERT INTO user VALUES ( 'user77', '1234', '유저닉네임77', 'userE77@naver.com', sysdate(), sysdate() );
INSERT INTO user VALUES ( 'user78', '1234', '유저닉네임78', 'userE78@naver.com', sysdate(), sysdate() );
INSERT INTO user VALUES ( 'user79', '1234', '유저닉네임79', 'userE79@naver.com', sysdate(), sysdate() );
INSERT INTO user VALUES ( 'user8', '1234', '유저닉네임8', 'userE8@naver.com', sysdate(), sysdate() );
INSERT INTO user VALUES ( 'user80', '1234', '유저닉네임80', 'userE80@naver.com', sysdate(), sysdate() );
INSERT INTO user VALUES ( 'user81', '1234', '유저닉네임81', 'userE81@naver.com', sysdate(), sysdate() );
INSERT INTO user VALUES ( 'user82', '1234', '유저닉네임82', 'userE82@naver.com', sysdate(), sysdate() );
INSERT INTO user VALUES ( 'user83', '1234', '유저닉네임83', 'userE83@naver.com', sysdate(), sysdate() );
INSERT INTO user VALUES ( 'user84', '1234', '유저닉네임84', 'userE84@naver.com', sysdate(), sysdate() );
INSERT INTO user VALUES ( 'user85', '1234', '유저닉네임85', 'userE85@naver.com', sysdate(), sysdate() );
INSERT INTO user VALUES ( 'user86', '1234', '유저닉네임86', 'userE86@naver.com', sysdate(), sysdate() );
INSERT INTO user VALUES ( 'user87', '1234', '유저닉네임87', 'userE87@naver.com', sysdate(), sysdate() );
INSERT INTO user VALUES ( 'user88', '1234', '유저닉네임88', 'userE88@naver.com', sysdate(), sysdate() );
INSERT INTO user VALUES ( 'user89', '1234', '유저닉네임89', 'userE89@naver.com', sysdate(), sysdate() );
INSERT INTO user VALUES ( 'user9', '1234', '유저닉네임9', 'userE9@naver.com', sysdate(), sysdate() );
INSERT INTO user VALUES ( 'user90', '1234', '유저닉네임90', 'userE90@naver.com', sysdate(), sysdate() );
INSERT INTO user VALUES ( 'user91', '1234', '유저닉네임91', 'userE91@naver.com', sysdate(), sysdate() );
INSERT INTO user VALUES ( 'user92', '1234', '유저닉네임92', 'userE92@naver.com', sysdate(), sysdate() );
INSERT INTO user VALUES ( 'user93', '1234', '유저닉네임93', 'userE93@naver.com', sysdate(), sysdate() );
INSERT INTO user VALUES ( 'user94', '1234', '유저닉네임94', 'userE94@naver.com', sysdate(), sysdate() );
INSERT INTO user VALUES ( 'user95', '1234', '유저닉네임95', 'userE95@naver.com', sysdate(), sysdate() );
INSERT INTO user VALUES ( 'user96', '1234', '유저닉네임96', 'userE96@naver.com', sysdate(), sysdate() );
INSERT INTO user VALUES ( 'user97', '1234', '유저닉네임97', 'userE97@naver.com', sysdate(), sysdate() );
INSERT INTO user VALUES ( 'user98', '1234', '유저닉네임98', 'userE98@naver.com', sysdate(), sysdate() );
INSERT INTO user VALUES ( 'user99', '1234', '유저닉네임99', 'userE99@naver.com', sysdate(), sysdate() );

select * from user;

INSERT INTO group_table ( `user_id_group_header`, `group_name`, `group_category`, `group_is_secret`, `group_password`, `group_person_count`, `group_content`, `group_reg_date`, `group_mod_date`)
 VALUES( 'user1', '그룹이름1', "입시", '1', '1234', '5', '그룹 내용', sysdate(), sysdate() );
INSERT INTO group_table ( `user_id_group_header`, `group_name`, `group_category`, `group_is_secret`, `group_password`, `group_person_count`, `group_content`, `group_reg_date`, `group_mod_date`)
 VALUES( 'user2', '그룹이름2', "입시", '0', NULL, '5', '그룹 내용', sysdate(), sysdate() );
INSERT INTO group_table ( `user_id_group_header`, `group_name`, `group_category`, `group_is_secret`, `group_password`, `group_person_count`, `group_content`, `group_reg_date`, `group_mod_date`)
 VALUES( 'user3', '그룹이름3', "취업", '1', '1234', '5', '그룹 내용', sysdate(), sysdate() );
INSERT INTO group_table ( `user_id_group_header`, `group_name`, `group_category`, `group_is_secret`, `group_password`, `group_person_count`, `group_content`, `group_reg_date`, `group_mod_date`)
 VALUES( 'user4', '그룹이름4', "취업", '0', NULL, '5', '그룹 내용', sysdate(), sysdate() );
INSERT INTO group_table ( `user_id_group_header`, `group_name`, `group_category`, `group_is_secret`, `group_password`, `group_person_count`, `group_content`, `group_reg_date`, `group_mod_date`)
 VALUES( 'user5', '그룹이름5', "이직", '1', '1234', '5', '그룹 내용', sysdate(), sysdate() );
INSERT INTO group_table ( `user_id_group_header`, `group_name`, `group_category`, `group_is_secret`, `group_password`, `group_person_count`, `group_content`, `group_reg_date`, `group_mod_date`)
 VALUES( 'user6', '그룹이름6', "이직", '0', NULL, '5', '그룹 내용', sysdate(), sysdate() );
INSERT INTO group_table ( `user_id_group_header`, `group_name`, `group_category`, `group_is_secret`, `group_password`, `group_person_count`, `group_content`, `group_reg_date`, `group_mod_date`)
 VALUES( 'user7', '그룹이름7', "자격증", '1', '1234', '5', '그룹 내용', sysdate(), sysdate() );
INSERT INTO group_table ( `user_id_group_header`, `group_name`, `group_category`, `group_is_secret`, `group_password`, `group_person_count`, `group_content`, `group_reg_date`, `group_mod_date`)
 VALUES( 'user8', '그룹이름8', "자격증", '0', NULL, '5', '그룹 내용', sysdate(), sysdate() );
INSERT INTO group_table ( `user_id_group_header`, `group_name`, `group_category`, `group_is_secret`, `group_password`, `group_person_count`, `group_content`, `group_reg_date`, `group_mod_date`)
 VALUES( 'user9', '그룹이름9', "토익", '1', '1234', '5', '그룹 내용', sysdate(), sysdate() );
INSERT INTO group_table ( `user_id_group_header`, `group_name`, `group_category`, `group_is_secret`, `group_password`, `group_person_count`, `group_content`, `group_reg_date`, `group_mod_date`)
 VALUES( 'user10', '그룹이름10', "토익", '0', NULL, '5', '그룹 내용', sysdate(), sysdate() );


select * from group_table;

desc alarm_message;

INSERT INTO alarm_message( `user_id`, `alarm_message_content`, `alarm_message_is_new`, `alarm_message_reg_date`, `alarm_message_mod_date`)
VALUES ( 'user1', '10-0에 합류한 것에 감사드립니다. 저희와 함께 <열공>하여 꿈을 이루시길 바랍니다.', '1', sysdate(), sysdate() );
INSERT INTO alarm_message( `user_id`, `alarm_message_content`, `alarm_message_is_new`, `alarm_message_reg_date`, `alarm_message_mod_date`)
VALUES ( 'user2', '10-0에 합류한 것에 감사드립니다. 저희와 함께 <열공>하여 꿈을 이루시길 바랍니다.', '1', sysdate(), sysdate() );
INSERT INTO alarm_message( `user_id`, `alarm_message_content`, `alarm_message_is_new`, `alarm_message_reg_date`, `alarm_message_mod_date`)
VALUES ( 'user3', '10-0에 합류한 것에 감사드립니다. 저희와 함께 <열공>하여 꿈을 이루시길 바랍니다.', '1', sysdate(), sysdate() );
INSERT INTO alarm_message( `user_id`, `alarm_message_content`, `alarm_message_is_new`, `alarm_message_reg_date`, `alarm_message_mod_date`)
VALUES ( 'user4', '10-0에 합류한 것에 감사드립니다. 저희와 함께 <열공>하여 꿈을 이루시길 바랍니다.', '1', sysdate(), sysdate() );
INSERT INTO alarm_message( `user_id`, `alarm_message_content`, `alarm_message_is_new`, `alarm_message_reg_date`, `alarm_message_mod_date`)
VALUES ( 'user5', '10-0에 합류한 것에 감사드립니다. 저희와 함께 <열공>하여 꿈을 이루시길 바랍니다.', '1', sysdate(), sysdate() );
INSERT INTO alarm_message( `user_id`, `alarm_message_content`, `alarm_message_is_new`, `alarm_message_reg_date`, `alarm_message_mod_date`)
VALUES ( 'user6', '10-0에 합류한 것에 감사드립니다. 저희와 함께 <열공>하여 꿈을 이루시길 바랍니다.', '1', sysdate(), sysdate() );
INSERT INTO alarm_message( `user_id`, `alarm_message_content`, `alarm_message_is_new`, `alarm_message_reg_date`, `alarm_message_mod_date`)
VALUES ( 'user7', '10-0에 합류한 것에 감사드립니다. 저희와 함께 <열공>하여 꿈을 이루시길 바랍니다.', '1', sysdate(), sysdate() );
INSERT INTO alarm_message( `user_id`, `alarm_message_content`, `alarm_message_is_new`, `alarm_message_reg_date`, `alarm_message_mod_date`)
VALUES ( 'user8', '10-0에 합류한 것에 감사드립니다. 저희와 함께 <열공>하여 꿈을 이루시길 바랍니다.', '1', sysdate(), sysdate() );
INSERT INTO alarm_message( `user_id`, `alarm_message_content`, `alarm_message_is_new`, `alarm_message_reg_date`, `alarm_message_mod_date`)
VALUES ( 'user9', '10-0에 합류한 것에 감사드립니다. 저희와 함께 <열공>하여 꿈을 이루시길 바랍니다.', '1', sysdate(), sysdate() );
INSERT INTO alarm_message( `user_id`, `alarm_message_content`, `alarm_message_is_new`, `alarm_message_reg_date`, `alarm_message_mod_date`)
VALUES ( 'user10', '10-0에 합류한 것에 감사드립니다. 저희와 함께 <열공>하여 꿈을 이루시길 바랍니다.', '1', sysdate(), sysdate() );
INSERT INTO alarm_message( `user_id`, `alarm_message_content`, `alarm_message_is_new`, `alarm_message_reg_date`, `alarm_message_mod_date`)
VALUES ( 'user11', '10-0에 합류한 것에 감사드립니다. 저희와 함께 <열공>하여 꿈을 이루시길 바랍니다.', '1', sysdate(), sysdate() );
INSERT INTO alarm_message( `user_id`, `alarm_message_content`, `alarm_message_is_new`, `alarm_message_reg_date`, `alarm_message_mod_date`)
VALUES ( 'user12', '10-0에 합류한 것에 감사드립니다. 저희와 함께 <열공>하여 꿈을 이루시길 바랍니다.', '1', sysdate(), sysdate() );
INSERT INTO alarm_message( `user_id`, `alarm_message_content`, `alarm_message_is_new`, `alarm_message_reg_date`, `alarm_message_mod_date`)
VALUES ( 'user13', '10-0에 합류한 것에 감사드립니다. 저희와 함께 <열공>하여 꿈을 이루시길 바랍니다.', '1', sysdate(), sysdate() );
INSERT INTO alarm_message( `user_id`, `alarm_message_content`, `alarm_message_is_new`, `alarm_message_reg_date`, `alarm_message_mod_date`)
VALUES ( 'user14', '10-0에 합류한 것에 감사드립니다. 저희와 함께 <열공>하여 꿈을 이루시길 바랍니다.', '1', sysdate(), sysdate() );
INSERT INTO alarm_message( `user_id`, `alarm_message_content`, `alarm_message_is_new`, `alarm_message_reg_date`, `alarm_message_mod_date`)
VALUES ( 'user15', '10-0에 합류한 것에 감사드립니다. 저희와 함께 <열공>하여 꿈을 이루시길 바랍니다.', '1', sysdate(), sysdate() );
INSERT INTO alarm_message( `user_id`, `alarm_message_content`, `alarm_message_is_new`, `alarm_message_reg_date`, `alarm_message_mod_date`)
VALUES ( 'user16', '10-0에 합류한 것에 감사드립니다. 저희와 함께 <열공>하여 꿈을 이루시길 바랍니다.', '1', sysdate(), sysdate() );
INSERT INTO alarm_message( `user_id`, `alarm_message_content`, `alarm_message_is_new`, `alarm_message_reg_date`, `alarm_message_mod_date`)
VALUES ( 'user17', '10-0에 합류한 것에 감사드립니다. 저희와 함께 <열공>하여 꿈을 이루시길 바랍니다.', '1', sysdate(), sysdate() );
INSERT INTO alarm_message( `user_id`, `alarm_message_content`, `alarm_message_is_new`, `alarm_message_reg_date`, `alarm_message_mod_date`)
VALUES ( 'user18', '10-0에 합류한 것에 감사드립니다. 저희와 함께 <열공>하여 꿈을 이루시길 바랍니다.', '1', sysdate(), sysdate() );
INSERT INTO alarm_message( `user_id`, `alarm_message_content`, `alarm_message_is_new`, `alarm_message_reg_date`, `alarm_message_mod_date`)
VALUES ( 'user19', '10-0에 합류한 것에 감사드립니다. 저희와 함께 <열공>하여 꿈을 이루시길 바랍니다.', '1', sysdate(), sysdate() );
INSERT INTO alarm_message( `user_id`, `alarm_message_content`, `alarm_message_is_new`, `alarm_message_reg_date`, `alarm_message_mod_date`)
VALUES ( 'user20', '10-0에 합류한 것에 감사드립니다. 저희와 함께 <열공>하여 꿈을 이루시길 바랍니다.', '1', sysdate(), sysdate() );
INSERT INTO alarm_message( `user_id`, `alarm_message_content`, `alarm_message_is_new`, `alarm_message_reg_date`, `alarm_message_mod_date`)
VALUES ( 'user21', '10-0에 합류한 것에 감사드립니다. 저희와 함께 <열공>하여 꿈을 이루시길 바랍니다.', '1', sysdate(), sysdate() );
INSERT INTO alarm_message( `user_id`, `alarm_message_content`, `alarm_message_is_new`, `alarm_message_reg_date`, `alarm_message_mod_date`)
VALUES ( 'user22', '10-0에 합류한 것에 감사드립니다. 저희와 함께 <열공>하여 꿈을 이루시길 바랍니다.', '1', sysdate(), sysdate() );
INSERT INTO alarm_message( `user_id`, `alarm_message_content`, `alarm_message_is_new`, `alarm_message_reg_date`, `alarm_message_mod_date`)
VALUES ( 'user23', '10-0에 합류한 것에 감사드립니다. 저희와 함께 <열공>하여 꿈을 이루시길 바랍니다.', '1', sysdate(), sysdate() );
INSERT INTO alarm_message( `user_id`, `alarm_message_content`, `alarm_message_is_new`, `alarm_message_reg_date`, `alarm_message_mod_date`)
VALUES ( 'user24', '10-0에 합류한 것에 감사드립니다. 저희와 함께 <열공>하여 꿈을 이루시길 바랍니다.', '1', sysdate(), sysdate() );
INSERT INTO alarm_message( `user_id`, `alarm_message_content`, `alarm_message_is_new`, `alarm_message_reg_date`, `alarm_message_mod_date`)
VALUES ( 'user25', '10-0에 합류한 것에 감사드립니다. 저희와 함께 <열공>하여 꿈을 이루시길 바랍니다.', '1', sysdate(), sysdate() );
INSERT INTO alarm_message( `user_id`, `alarm_message_content`, `alarm_message_is_new`, `alarm_message_reg_date`, `alarm_message_mod_date`)
VALUES ( 'user26', '10-0에 합류한 것에 감사드립니다. 저희와 함께 <열공>하여 꿈을 이루시길 바랍니다.', '1', sysdate(), sysdate() );
INSERT INTO alarm_message( `user_id`, `alarm_message_content`, `alarm_message_is_new`, `alarm_message_reg_date`, `alarm_message_mod_date`)
VALUES ( 'user27', '10-0에 합류한 것에 감사드립니다. 저희와 함께 <열공>하여 꿈을 이루시길 바랍니다.', '1', sysdate(), sysdate() );
INSERT INTO alarm_message( `user_id`, `alarm_message_content`, `alarm_message_is_new`, `alarm_message_reg_date`, `alarm_message_mod_date`)
VALUES ( 'user28', '10-0에 합류한 것에 감사드립니다. 저희와 함께 <열공>하여 꿈을 이루시길 바랍니다.', '1', sysdate(), sysdate() );
INSERT INTO alarm_message( `user_id`, `alarm_message_content`, `alarm_message_is_new`, `alarm_message_reg_date`, `alarm_message_mod_date`)
VALUES ( 'user29', '10-0에 합류한 것에 감사드립니다. 저희와 함께 <열공>하여 꿈을 이루시길 바랍니다.', '1', sysdate(), sysdate() );
INSERT INTO alarm_message( `user_id`, `alarm_message_content`, `alarm_message_is_new`, `alarm_message_reg_date`, `alarm_message_mod_date`)
VALUES ( 'user30', '10-0에 합류한 것에 감사드립니다. 저희와 함께 <열공>하여 꿈을 이루시길 바랍니다.', '1', sysdate(), sysdate() );
INSERT INTO alarm_message( `user_id`, `alarm_message_content`, `alarm_message_is_new`, `alarm_message_reg_date`, `alarm_message_mod_date`)
VALUES ( 'user31', '10-0에 합류한 것에 감사드립니다. 저희와 함께 <열공>하여 꿈을 이루시길 바랍니다.', '1', sysdate(), sysdate() );
INSERT INTO alarm_message( `user_id`, `alarm_message_content`, `alarm_message_is_new`, `alarm_message_reg_date`, `alarm_message_mod_date`)
VALUES ( 'user32', '10-0에 합류한 것에 감사드립니다. 저희와 함께 <열공>하여 꿈을 이루시길 바랍니다.', '1', sysdate(), sysdate() );
INSERT INTO alarm_message( `user_id`, `alarm_message_content`, `alarm_message_is_new`, `alarm_message_reg_date`, `alarm_message_mod_date`)
VALUES ( 'user33', '10-0에 합류한 것에 감사드립니다. 저희와 함께 <열공>하여 꿈을 이루시길 바랍니다.', '1', sysdate(), sysdate() );
INSERT INTO alarm_message( `user_id`, `alarm_message_content`, `alarm_message_is_new`, `alarm_message_reg_date`, `alarm_message_mod_date`)
VALUES ( 'user34', '10-0에 합류한 것에 감사드립니다. 저희와 함께 <열공>하여 꿈을 이루시길 바랍니다.', '1', sysdate(), sysdate() );
INSERT INTO alarm_message( `user_id`, `alarm_message_content`, `alarm_message_is_new`, `alarm_message_reg_date`, `alarm_message_mod_date`)
VALUES ( 'user35', '10-0에 합류한 것에 감사드립니다. 저희와 함께 <열공>하여 꿈을 이루시길 바랍니다.', '1', sysdate(), sysdate() );
INSERT INTO alarm_message( `user_id`, `alarm_message_content`, `alarm_message_is_new`, `alarm_message_reg_date`, `alarm_message_mod_date`)
VALUES ( 'user36', '10-0에 합류한 것에 감사드립니다. 저희와 함께 <열공>하여 꿈을 이루시길 바랍니다.', '1', sysdate(), sysdate() );
INSERT INTO alarm_message( `user_id`, `alarm_message_content`, `alarm_message_is_new`, `alarm_message_reg_date`, `alarm_message_mod_date`)
VALUES ( 'user37', '10-0에 합류한 것에 감사드립니다. 저희와 함께 <열공>하여 꿈을 이루시길 바랍니다.', '1', sysdate(), sysdate() );
INSERT INTO alarm_message( `user_id`, `alarm_message_content`, `alarm_message_is_new`, `alarm_message_reg_date`, `alarm_message_mod_date`)
VALUES ( 'user38', '10-0에 합류한 것에 감사드립니다. 저희와 함께 <열공>하여 꿈을 이루시길 바랍니다.', '1', sysdate(), sysdate() );
INSERT INTO alarm_message( `user_id`, `alarm_message_content`, `alarm_message_is_new`, `alarm_message_reg_date`, `alarm_message_mod_date`)
VALUES ( 'user39', '10-0에 합류한 것에 감사드립니다. 저희와 함께 <열공>하여 꿈을 이루시길 바랍니다.', '1', sysdate(), sysdate() );
INSERT INTO alarm_message( `user_id`, `alarm_message_content`, `alarm_message_is_new`, `alarm_message_reg_date`, `alarm_message_mod_date`)
VALUES ( 'user40', '10-0에 합류한 것에 감사드립니다. 저희와 함께 <열공>하여 꿈을 이루시길 바랍니다.', '1', sysdate(), sysdate() );
INSERT INTO alarm_message( `user_id`, `alarm_message_content`, `alarm_message_is_new`, `alarm_message_reg_date`, `alarm_message_mod_date`)
VALUES ( 'user41', '10-0에 합류한 것에 감사드립니다. 저희와 함께 <열공>하여 꿈을 이루시길 바랍니다.', '1', sysdate(), sysdate() );
INSERT INTO alarm_message( `user_id`, `alarm_message_content`, `alarm_message_is_new`, `alarm_message_reg_date`, `alarm_message_mod_date`)
VALUES ( 'user42', '10-0에 합류한 것에 감사드립니다. 저희와 함께 <열공>하여 꿈을 이루시길 바랍니다.', '1', sysdate(), sysdate() );
INSERT INTO alarm_message( `user_id`, `alarm_message_content`, `alarm_message_is_new`, `alarm_message_reg_date`, `alarm_message_mod_date`)
VALUES ( 'user43', '10-0에 합류한 것에 감사드립니다. 저희와 함께 <열공>하여 꿈을 이루시길 바랍니다.', '1', sysdate(), sysdate() );
INSERT INTO alarm_message( `user_id`, `alarm_message_content`, `alarm_message_is_new`, `alarm_message_reg_date`, `alarm_message_mod_date`)
VALUES ( 'user44', '10-0에 합류한 것에 감사드립니다. 저희와 함께 <열공>하여 꿈을 이루시길 바랍니다.', '1', sysdate(), sysdate() );
INSERT INTO alarm_message( `user_id`, `alarm_message_content`, `alarm_message_is_new`, `alarm_message_reg_date`, `alarm_message_mod_date`)
VALUES ( 'user45', '10-0에 합류한 것에 감사드립니다. 저희와 함께 <열공>하여 꿈을 이루시길 바랍니다.', '1', sysdate(), sysdate() );
INSERT INTO alarm_message( `user_id`, `alarm_message_content`, `alarm_message_is_new`, `alarm_message_reg_date`, `alarm_message_mod_date`)
VALUES ( 'user46', '10-0에 합류한 것에 감사드립니다. 저희와 함께 <열공>하여 꿈을 이루시길 바랍니다.', '1', sysdate(), sysdate() );
INSERT INTO alarm_message( `user_id`, `alarm_message_content`, `alarm_message_is_new`, `alarm_message_reg_date`, `alarm_message_mod_date`)
VALUES ( 'user47', '10-0에 합류한 것에 감사드립니다. 저희와 함께 <열공>하여 꿈을 이루시길 바랍니다.', '1', sysdate(), sysdate() );
INSERT INTO alarm_message( `user_id`, `alarm_message_content`, `alarm_message_is_new`, `alarm_message_reg_date`, `alarm_message_mod_date`)
VALUES ( 'user48', '10-0에 합류한 것에 감사드립니다. 저희와 함께 <열공>하여 꿈을 이루시길 바랍니다.', '1', sysdate(), sysdate() );
INSERT INTO alarm_message( `user_id`, `alarm_message_content`, `alarm_message_is_new`, `alarm_message_reg_date`, `alarm_message_mod_date`)
VALUES ( 'user49', '10-0에 합류한 것에 감사드립니다. 저희와 함께 <열공>하여 꿈을 이루시길 바랍니다.', '1', sysdate(), sysdate() );
INSERT INTO alarm_message( `user_id`, `alarm_message_content`, `alarm_message_is_new`, `alarm_message_reg_date`, `alarm_message_mod_date`)
VALUES ( 'user50', '10-0에 합류한 것에 감사드립니다. 저희와 함께 <열공>하여 꿈을 이루시길 바랍니다.', '1', sysdate(), sysdate() );
INSERT INTO alarm_message( `user_id`, `alarm_message_content`, `alarm_message_is_new`, `alarm_message_reg_date`, `alarm_message_mod_date`)
VALUES ( 'user51', '10-0에 합류한 것에 감사드립니다. 저희와 함께 <열공>하여 꿈을 이루시길 바랍니다.', '1', sysdate(), sysdate() );
INSERT INTO alarm_message( `user_id`, `alarm_message_content`, `alarm_message_is_new`, `alarm_message_reg_date`, `alarm_message_mod_date`)
VALUES ( 'user52', '10-0에 합류한 것에 감사드립니다. 저희와 함께 <열공>하여 꿈을 이루시길 바랍니다.', '1', sysdate(), sysdate() );
INSERT INTO alarm_message( `user_id`, `alarm_message_content`, `alarm_message_is_new`, `alarm_message_reg_date`, `alarm_message_mod_date`)
VALUES ( 'user53', '10-0에 합류한 것에 감사드립니다. 저희와 함께 <열공>하여 꿈을 이루시길 바랍니다.', '1', sysdate(), sysdate() );
INSERT INTO alarm_message( `user_id`, `alarm_message_content`, `alarm_message_is_new`, `alarm_message_reg_date`, `alarm_message_mod_date`)
VALUES ( 'user54', '10-0에 합류한 것에 감사드립니다. 저희와 함께 <열공>하여 꿈을 이루시길 바랍니다.', '1', sysdate(), sysdate() );
INSERT INTO alarm_message( `user_id`, `alarm_message_content`, `alarm_message_is_new`, `alarm_message_reg_date`, `alarm_message_mod_date`)
VALUES ( 'user55', '10-0에 합류한 것에 감사드립니다. 저희와 함께 <열공>하여 꿈을 이루시길 바랍니다.', '1', sysdate(), sysdate() );
INSERT INTO alarm_message( `user_id`, `alarm_message_content`, `alarm_message_is_new`, `alarm_message_reg_date`, `alarm_message_mod_date`)
VALUES ( 'user56', '10-0에 합류한 것에 감사드립니다. 저희와 함께 <열공>하여 꿈을 이루시길 바랍니다.', '1', sysdate(), sysdate() );
INSERT INTO alarm_message( `user_id`, `alarm_message_content`, `alarm_message_is_new`, `alarm_message_reg_date`, `alarm_message_mod_date`)
VALUES ( 'user57', '10-0에 합류한 것에 감사드립니다. 저희와 함께 <열공>하여 꿈을 이루시길 바랍니다.', '1', sysdate(), sysdate() );
INSERT INTO alarm_message( `user_id`, `alarm_message_content`, `alarm_message_is_new`, `alarm_message_reg_date`, `alarm_message_mod_date`)
VALUES ( 'user58', '10-0에 합류한 것에 감사드립니다. 저희와 함께 <열공>하여 꿈을 이루시길 바랍니다.', '1', sysdate(), sysdate() );
INSERT INTO alarm_message( `user_id`, `alarm_message_content`, `alarm_message_is_new`, `alarm_message_reg_date`, `alarm_message_mod_date`)
VALUES ( 'user59', '10-0에 합류한 것에 감사드립니다. 저희와 함께 <열공>하여 꿈을 이루시길 바랍니다.', '1', sysdate(), sysdate() );
INSERT INTO alarm_message( `user_id`, `alarm_message_content`, `alarm_message_is_new`, `alarm_message_reg_date`, `alarm_message_mod_date`)
VALUES ( 'user60', '10-0에 합류한 것에 감사드립니다. 저희와 함께 <열공>하여 꿈을 이루시길 바랍니다.', '1', sysdate(), sysdate() );
INSERT INTO alarm_message( `user_id`, `alarm_message_content`, `alarm_message_is_new`, `alarm_message_reg_date`, `alarm_message_mod_date`)
VALUES ( 'user61', '10-0에 합류한 것에 감사드립니다. 저희와 함께 <열공>하여 꿈을 이루시길 바랍니다.', '1', sysdate(), sysdate() );
INSERT INTO alarm_message( `user_id`, `alarm_message_content`, `alarm_message_is_new`, `alarm_message_reg_date`, `alarm_message_mod_date`)
VALUES ( 'user62', '10-0에 합류한 것에 감사드립니다. 저희와 함께 <열공>하여 꿈을 이루시길 바랍니다.', '1', sysdate(), sysdate() );
INSERT INTO alarm_message( `user_id`, `alarm_message_content`, `alarm_message_is_new`, `alarm_message_reg_date`, `alarm_message_mod_date`)
VALUES ( 'user63', '10-0에 합류한 것에 감사드립니다. 저희와 함께 <열공>하여 꿈을 이루시길 바랍니다.', '1', sysdate(), sysdate() );
INSERT INTO alarm_message( `user_id`, `alarm_message_content`, `alarm_message_is_new`, `alarm_message_reg_date`, `alarm_message_mod_date`)
VALUES ( 'user64', '10-0에 합류한 것에 감사드립니다. 저희와 함께 <열공>하여 꿈을 이루시길 바랍니다.', '1', sysdate(), sysdate() );
INSERT INTO alarm_message( `user_id`, `alarm_message_content`, `alarm_message_is_new`, `alarm_message_reg_date`, `alarm_message_mod_date`)
VALUES ( 'user65', '10-0에 합류한 것에 감사드립니다. 저희와 함께 <열공>하여 꿈을 이루시길 바랍니다.', '1', sysdate(), sysdate() );
INSERT INTO alarm_message( `user_id`, `alarm_message_content`, `alarm_message_is_new`, `alarm_message_reg_date`, `alarm_message_mod_date`)
VALUES ( 'user66', '10-0에 합류한 것에 감사드립니다. 저희와 함께 <열공>하여 꿈을 이루시길 바랍니다.', '1', sysdate(), sysdate() );
INSERT INTO alarm_message( `user_id`, `alarm_message_content`, `alarm_message_is_new`, `alarm_message_reg_date`, `alarm_message_mod_date`)
VALUES ( 'user67', '10-0에 합류한 것에 감사드립니다. 저희와 함께 <열공>하여 꿈을 이루시길 바랍니다.', '1', sysdate(), sysdate() );
INSERT INTO alarm_message( `user_id`, `alarm_message_content`, `alarm_message_is_new`, `alarm_message_reg_date`, `alarm_message_mod_date`)
VALUES ( 'user68', '10-0에 합류한 것에 감사드립니다. 저희와 함께 <열공>하여 꿈을 이루시길 바랍니다.', '1', sysdate(), sysdate() );
INSERT INTO alarm_message( `user_id`, `alarm_message_content`, `alarm_message_is_new`, `alarm_message_reg_date`, `alarm_message_mod_date`)
VALUES ( 'user69', '10-0에 합류한 것에 감사드립니다. 저희와 함께 <열공>하여 꿈을 이루시길 바랍니다.', '1', sysdate(), sysdate() );
INSERT INTO alarm_message( `user_id`, `alarm_message_content`, `alarm_message_is_new`, `alarm_message_reg_date`, `alarm_message_mod_date`)
VALUES ( 'user70', '10-0에 합류한 것에 감사드립니다. 저희와 함께 <열공>하여 꿈을 이루시길 바랍니다.', '1', sysdate(), sysdate() );
INSERT INTO alarm_message( `user_id`, `alarm_message_content`, `alarm_message_is_new`, `alarm_message_reg_date`, `alarm_message_mod_date`)
VALUES ( 'user71', '10-0에 합류한 것에 감사드립니다. 저희와 함께 <열공>하여 꿈을 이루시길 바랍니다.', '1', sysdate(), sysdate() );
INSERT INTO alarm_message( `user_id`, `alarm_message_content`, `alarm_message_is_new`, `alarm_message_reg_date`, `alarm_message_mod_date`)
VALUES ( 'user72', '10-0에 합류한 것에 감사드립니다. 저희와 함께 <열공>하여 꿈을 이루시길 바랍니다.', '1', sysdate(), sysdate() );
INSERT INTO alarm_message( `user_id`, `alarm_message_content`, `alarm_message_is_new`, `alarm_message_reg_date`, `alarm_message_mod_date`)
VALUES ( 'user73', '10-0에 합류한 것에 감사드립니다. 저희와 함께 <열공>하여 꿈을 이루시길 바랍니다.', '1', sysdate(), sysdate() );
INSERT INTO alarm_message( `user_id`, `alarm_message_content`, `alarm_message_is_new`, `alarm_message_reg_date`, `alarm_message_mod_date`)
VALUES ( 'user74', '10-0에 합류한 것에 감사드립니다. 저희와 함께 <열공>하여 꿈을 이루시길 바랍니다.', '1', sysdate(), sysdate() );
INSERT INTO alarm_message( `user_id`, `alarm_message_content`, `alarm_message_is_new`, `alarm_message_reg_date`, `alarm_message_mod_date`)
VALUES ( 'user75', '10-0에 합류한 것에 감사드립니다. 저희와 함께 <열공>하여 꿈을 이루시길 바랍니다.', '1', sysdate(), sysdate() );
INSERT INTO alarm_message( `user_id`, `alarm_message_content`, `alarm_message_is_new`, `alarm_message_reg_date`, `alarm_message_mod_date`)
VALUES ( 'user76', '10-0에 합류한 것에 감사드립니다. 저희와 함께 <열공>하여 꿈을 이루시길 바랍니다.', '1', sysdate(), sysdate() );
INSERT INTO alarm_message( `user_id`, `alarm_message_content`, `alarm_message_is_new`, `alarm_message_reg_date`, `alarm_message_mod_date`)
VALUES ( 'user77', '10-0에 합류한 것에 감사드립니다. 저희와 함께 <열공>하여 꿈을 이루시길 바랍니다.', '1', sysdate(), sysdate() );
INSERT INTO alarm_message( `user_id`, `alarm_message_content`, `alarm_message_is_new`, `alarm_message_reg_date`, `alarm_message_mod_date`)
VALUES ( 'user78', '10-0에 합류한 것에 감사드립니다. 저희와 함께 <열공>하여 꿈을 이루시길 바랍니다.', '1', sysdate(), sysdate() );
INSERT INTO alarm_message( `user_id`, `alarm_message_content`, `alarm_message_is_new`, `alarm_message_reg_date`, `alarm_message_mod_date`)
VALUES ( 'user79', '10-0에 합류한 것에 감사드립니다. 저희와 함께 <열공>하여 꿈을 이루시길 바랍니다.', '1', sysdate(), sysdate() );
INSERT INTO alarm_message( `user_id`, `alarm_message_content`, `alarm_message_is_new`, `alarm_message_reg_date`, `alarm_message_mod_date`)
VALUES ( 'user80', '10-0에 합류한 것에 감사드립니다. 저희와 함께 <열공>하여 꿈을 이루시길 바랍니다.', '1', sysdate(), sysdate() );
INSERT INTO alarm_message( `user_id`, `alarm_message_content`, `alarm_message_is_new`, `alarm_message_reg_date`, `alarm_message_mod_date`)
VALUES ( 'user81', '10-0에 합류한 것에 감사드립니다. 저희와 함께 <열공>하여 꿈을 이루시길 바랍니다.', '1', sysdate(), sysdate() );
INSERT INTO alarm_message( `user_id`, `alarm_message_content`, `alarm_message_is_new`, `alarm_message_reg_date`, `alarm_message_mod_date`)
VALUES ( 'user82', '10-0에 합류한 것에 감사드립니다. 저희와 함께 <열공>하여 꿈을 이루시길 바랍니다.', '1', sysdate(), sysdate() );
INSERT INTO alarm_message( `user_id`, `alarm_message_content`, `alarm_message_is_new`, `alarm_message_reg_date`, `alarm_message_mod_date`)
VALUES ( 'user83', '10-0에 합류한 것에 감사드립니다. 저희와 함께 <열공>하여 꿈을 이루시길 바랍니다.', '1', sysdate(), sysdate() );
INSERT INTO alarm_message( `user_id`, `alarm_message_content`, `alarm_message_is_new`, `alarm_message_reg_date`, `alarm_message_mod_date`)
VALUES ( 'user84', '10-0에 합류한 것에 감사드립니다. 저희와 함께 <열공>하여 꿈을 이루시길 바랍니다.', '1', sysdate(), sysdate() );
INSERT INTO alarm_message( `user_id`, `alarm_message_content`, `alarm_message_is_new`, `alarm_message_reg_date`, `alarm_message_mod_date`)
VALUES ( 'user85', '10-0에 합류한 것에 감사드립니다. 저희와 함께 <열공>하여 꿈을 이루시길 바랍니다.', '1', sysdate(), sysdate() );
INSERT INTO alarm_message( `user_id`, `alarm_message_content`, `alarm_message_is_new`, `alarm_message_reg_date`, `alarm_message_mod_date`)
VALUES ( 'user86', '10-0에 합류한 것에 감사드립니다. 저희와 함께 <열공>하여 꿈을 이루시길 바랍니다.', '1', sysdate(), sysdate() );
INSERT INTO alarm_message( `user_id`, `alarm_message_content`, `alarm_message_is_new`, `alarm_message_reg_date`, `alarm_message_mod_date`)
VALUES ( 'user87', '10-0에 합류한 것에 감사드립니다. 저희와 함께 <열공>하여 꿈을 이루시길 바랍니다.', '1', sysdate(), sysdate() );
INSERT INTO alarm_message( `user_id`, `alarm_message_content`, `alarm_message_is_new`, `alarm_message_reg_date`, `alarm_message_mod_date`)
VALUES ( 'user88', '10-0에 합류한 것에 감사드립니다. 저희와 함께 <열공>하여 꿈을 이루시길 바랍니다.', '1', sysdate(), sysdate() );
INSERT INTO alarm_message( `user_id`, `alarm_message_content`, `alarm_message_is_new`, `alarm_message_reg_date`, `alarm_message_mod_date`)
VALUES ( 'user89', '10-0에 합류한 것에 감사드립니다. 저희와 함께 <열공>하여 꿈을 이루시길 바랍니다.', '1', sysdate(), sysdate() );
INSERT INTO alarm_message( `user_id`, `alarm_message_content`, `alarm_message_is_new`, `alarm_message_reg_date`, `alarm_message_mod_date`)
VALUES ( 'user90', '10-0에 합류한 것에 감사드립니다. 저희와 함께 <열공>하여 꿈을 이루시길 바랍니다.', '1', sysdate(), sysdate() );
INSERT INTO alarm_message( `user_id`, `alarm_message_content`, `alarm_message_is_new`, `alarm_message_reg_date`, `alarm_message_mod_date`)
VALUES ( 'user91', '10-0에 합류한 것에 감사드립니다. 저희와 함께 <열공>하여 꿈을 이루시길 바랍니다.', '1', sysdate(), sysdate() );
INSERT INTO alarm_message( `user_id`, `alarm_message_content`, `alarm_message_is_new`, `alarm_message_reg_date`, `alarm_message_mod_date`)
VALUES ( 'user92', '10-0에 합류한 것에 감사드립니다. 저희와 함께 <열공>하여 꿈을 이루시길 바랍니다.', '1', sysdate(), sysdate() );
INSERT INTO alarm_message( `user_id`, `alarm_message_content`, `alarm_message_is_new`, `alarm_message_reg_date`, `alarm_message_mod_date`)
VALUES ( 'user93', '10-0에 합류한 것에 감사드립니다. 저희와 함께 <열공>하여 꿈을 이루시길 바랍니다.', '1', sysdate(), sysdate() );
INSERT INTO alarm_message( `user_id`, `alarm_message_content`, `alarm_message_is_new`, `alarm_message_reg_date`, `alarm_message_mod_date`)
VALUES ( 'user94', '10-0에 합류한 것에 감사드립니다. 저희와 함께 <열공>하여 꿈을 이루시길 바랍니다.', '1', sysdate(), sysdate() );
INSERT INTO alarm_message( `user_id`, `alarm_message_content`, `alarm_message_is_new`, `alarm_message_reg_date`, `alarm_message_mod_date`)
VALUES ( 'user95', '10-0에 합류한 것에 감사드립니다. 저희와 함께 <열공>하여 꿈을 이루시길 바랍니다.', '1', sysdate(), sysdate() );
INSERT INTO alarm_message( `user_id`, `alarm_message_content`, `alarm_message_is_new`, `alarm_message_reg_date`, `alarm_message_mod_date`)
VALUES ( 'user96', '10-0에 합류한 것에 감사드립니다. 저희와 함께 <열공>하여 꿈을 이루시길 바랍니다.', '1', sysdate(), sysdate() );
INSERT INTO alarm_message( `user_id`, `alarm_message_content`, `alarm_message_is_new`, `alarm_message_reg_date`, `alarm_message_mod_date`)
VALUES ( 'user97', '10-0에 합류한 것에 감사드립니다. 저희와 함께 <열공>하여 꿈을 이루시길 바랍니다.', '1', sysdate(), sysdate() );
INSERT INTO alarm_message( `user_id`, `alarm_message_content`, `alarm_message_is_new`, `alarm_message_reg_date`, `alarm_message_mod_date`)
VALUES ( 'user98', '10-0에 합류한 것에 감사드립니다. 저희와 함께 <열공>하여 꿈을 이루시길 바랍니다.', '1', sysdate(), sysdate() );
INSERT INTO alarm_message( `user_id`, `alarm_message_content`, `alarm_message_is_new`, `alarm_message_reg_date`, `alarm_message_mod_date`)
VALUES ( 'user99', '10-0에 합류한 것에 감사드립니다. 저희와 함께 <열공>하여 꿈을 이루시길 바랍니다.', '1', sysdate(), sysdate() );
INSERT INTO alarm_message( `user_id`, `alarm_message_content`, `alarm_message_is_new`, `alarm_message_reg_date`, `alarm_message_mod_date`)
VALUES ( 'user100', '10-0에 합류한 것에 감사드립니다. 저희와 함께 <열공>하여 꿈을 이루시길 바랍니다.', '1', sysdate(), sysdate() );


select * from alarm_message;


INSERT INTO `group_user_relationship`
(`group_id`,`user_id`,`group_user_relationship_reg_date`,`group_user_relationship_mod_date`)
VALUES( '4', 'user21', sysdate(), sysdate() );
INSERT INTO `group_user_relationship`
(`group_id`,`user_id`,`group_user_relationship_reg_date`,`group_user_relationship_mod_date`)
VALUES( '5', 'user22', sysdate(), sysdate() );
INSERT INTO `group_user_relationship`
(`group_id`,`user_id`,`group_user_relationship_reg_date`,`group_user_relationship_mod_date`)
VALUES( '6', 'user23', sysdate(), sysdate() );
INSERT INTO `group_user_relationship`
(`group_id`,`user_id`,`group_user_relationship_reg_date`,`group_user_relationship_mod_date`)
VALUES( '7', 'user24', sysdate(), sysdate() );
INSERT INTO `group_user_relationship`
(`group_id`,`user_id`,`group_user_relationship_reg_date`,`group_user_relationship_mod_date`)
VALUES( '8', 'user25', sysdate(), sysdate() );
INSERT INTO `group_user_relationship`
(`group_id`,`user_id`,`group_user_relationship_reg_date`,`group_user_relationship_mod_date`)
VALUES( '9', 'user26', sysdate(), sysdate() );
INSERT INTO `group_user_relationship`
(`group_id`,`user_id`,`group_user_relationship_reg_date`,`group_user_relationship_mod_date`)
VALUES( '1', 'user27', sysdate(), sysdate() );
INSERT INTO `group_user_relationship`
(`group_id`,`user_id`,`group_user_relationship_reg_date`,`group_user_relationship_mod_date`)
VALUES( '2', 'user28', sysdate(), sysdate() );
INSERT INTO `group_user_relationship`
(`group_id`,`user_id`,`group_user_relationship_reg_date`,`group_user_relationship_mod_date`)
VALUES( '3', 'user29', sysdate(), sysdate() );
INSERT INTO `group_user_relationship`
(`group_id`,`user_id`,`group_user_relationship_reg_date`,`group_user_relationship_mod_date`)
VALUES( '4', 'user30', sysdate(), sysdate() );
INSERT INTO `group_user_relationship`
(`group_id`,`user_id`,`group_user_relationship_reg_date`,`group_user_relationship_mod_date`)
VALUES( '5', 'user31', sysdate(), sysdate() );
INSERT INTO `group_user_relationship`
(`group_id`,`user_id`,`group_user_relationship_reg_date`,`group_user_relationship_mod_date`)
VALUES( '6', 'user32', sysdate(), sysdate() );
INSERT INTO `group_user_relationship`
(`group_id`,`user_id`,`group_user_relationship_reg_date`,`group_user_relationship_mod_date`)
VALUES( '7', 'user33', sysdate(), sysdate() );
INSERT INTO `group_user_relationship`
(`group_id`,`user_id`,`group_user_relationship_reg_date`,`group_user_relationship_mod_date`)
VALUES( '8', 'user34', sysdate(), sysdate() );
INSERT INTO `group_user_relationship`
(`group_id`,`user_id`,`group_user_relationship_reg_date`,`group_user_relationship_mod_date`)
VALUES( '9', 'user35', sysdate(), sysdate() );
INSERT INTO `group_user_relationship`
(`group_id`,`user_id`,`group_user_relationship_reg_date`,`group_user_relationship_mod_date`)
VALUES( '1', 'user36', sysdate(), sysdate() );
INSERT INTO `group_user_relationship`
(`group_id`,`user_id`,`group_user_relationship_reg_date`,`group_user_relationship_mod_date`)
VALUES( '2', 'user37', sysdate(), sysdate() );
INSERT INTO `group_user_relationship`
(`group_id`,`user_id`,`group_user_relationship_reg_date`,`group_user_relationship_mod_date`)
VALUES( '3', 'user38', sysdate(), sysdate() );
INSERT INTO `group_user_relationship`
(`group_id`,`user_id`,`group_user_relationship_reg_date`,`group_user_relationship_mod_date`)
VALUES( '4', 'user39', sysdate(), sysdate() );
INSERT INTO `group_user_relationship`
(`group_id`,`user_id`,`group_user_relationship_reg_date`,`group_user_relationship_mod_date`)
VALUES( '5', 'user40', sysdate(), sysdate() );
INSERT INTO `group_user_relationship`
(`group_id`,`user_id`,`group_user_relationship_reg_date`,`group_user_relationship_mod_date`)
VALUES( '6', 'user41', sysdate(), sysdate() );
INSERT INTO `group_user_relationship`
(`group_id`,`user_id`,`group_user_relationship_reg_date`,`group_user_relationship_mod_date`)
VALUES( '7', 'user42', sysdate(), sysdate() );
INSERT INTO `group_user_relationship`
(`group_id`,`user_id`,`group_user_relationship_reg_date`,`group_user_relationship_mod_date`)
VALUES( '8', 'user43', sysdate(), sysdate() );
INSERT INTO `group_user_relationship`
(`group_id`,`user_id`,`group_user_relationship_reg_date`,`group_user_relationship_mod_date`)
VALUES( '9', 'user44', sysdate(), sysdate() );
INSERT INTO `group_user_relationship`
(`group_id`,`user_id`,`group_user_relationship_reg_date`,`group_user_relationship_mod_date`)
VALUES( '1', 'user45', sysdate(), sysdate() );
INSERT INTO `group_user_relationship`
(`group_id`,`user_id`,`group_user_relationship_reg_date`,`group_user_relationship_mod_date`)
VALUES( '2', 'user46', sysdate(), sysdate() );
INSERT INTO `group_user_relationship`
(`group_id`,`user_id`,`group_user_relationship_reg_date`,`group_user_relationship_mod_date`)
VALUES( '3', 'user47', sysdate(), sysdate() );
INSERT INTO `group_user_relationship`
(`group_id`,`user_id`,`group_user_relationship_reg_date`,`group_user_relationship_mod_date`)
VALUES( '4', 'user48', sysdate(), sysdate() );
INSERT INTO `group_user_relationship`
(`group_id`,`user_id`,`group_user_relationship_reg_date`,`group_user_relationship_mod_date`)
VALUES( '5', 'user49', sysdate(), sysdate() );
INSERT INTO `group_user_relationship`
(`group_id`,`user_id`,`group_user_relationship_reg_date`,`group_user_relationship_mod_date`)
VALUES( '6', 'user50', sysdate(), sysdate() );
INSERT INTO `group_user_relationship`
(`group_id`,`user_id`,`group_user_relationship_reg_date`,`group_user_relationship_mod_date`)
VALUES( '7', 'user51', sysdate(), sysdate() );
INSERT INTO `group_user_relationship`
(`group_id`,`user_id`,`group_user_relationship_reg_date`,`group_user_relationship_mod_date`)
VALUES( '8', 'user52', sysdate(), sysdate() );
INSERT INTO `group_user_relationship`
(`group_id`,`user_id`,`group_user_relationship_reg_date`,`group_user_relationship_mod_date`)
VALUES( '9', 'user53', sysdate(), sysdate() );
INSERT INTO `group_user_relationship`
(`group_id`,`user_id`,`group_user_relationship_reg_date`,`group_user_relationship_mod_date`)
VALUES( '1', 'user54', sysdate(), sysdate() );
INSERT INTO `group_user_relationship`
(`group_id`,`user_id`,`group_user_relationship_reg_date`,`group_user_relationship_mod_date`)
VALUES( '2', 'user55', sysdate(), sysdate() );
INSERT INTO `group_user_relationship`
(`group_id`,`user_id`,`group_user_relationship_reg_date`,`group_user_relationship_mod_date`)
VALUES( '3', 'user56', sysdate(), sysdate() );
INSERT INTO `group_user_relationship`
(`group_id`,`user_id`,`group_user_relationship_reg_date`,`group_user_relationship_mod_date`)
VALUES( '4', 'user57', sysdate(), sysdate() );
INSERT INTO `group_user_relationship`
(`group_id`,`user_id`,`group_user_relationship_reg_date`,`group_user_relationship_mod_date`)
VALUES( '5', 'user58', sysdate(), sysdate() );
INSERT INTO `group_user_relationship`
(`group_id`,`user_id`,`group_user_relationship_reg_date`,`group_user_relationship_mod_date`)
VALUES( '6', 'user59', sysdate(), sysdate() );
INSERT INTO `group_user_relationship`
(`group_id`,`user_id`,`group_user_relationship_reg_date`,`group_user_relationship_mod_date`)
VALUES( '7', 'user60', sysdate(), sysdate() );
INSERT INTO `group_user_relationship`
(`group_id`,`user_id`,`group_user_relationship_reg_date`,`group_user_relationship_mod_date`)
VALUES( '8', 'user61', sysdate(), sysdate() );
INSERT INTO `group_user_relationship`
(`group_id`,`user_id`,`group_user_relationship_reg_date`,`group_user_relationship_mod_date`)
VALUES( '9', 'user62', sysdate(), sysdate() );
INSERT INTO `group_user_relationship`
(`group_id`,`user_id`,`group_user_relationship_reg_date`,`group_user_relationship_mod_date`)
VALUES( '1', 'user63', sysdate(), sysdate() );
INSERT INTO `group_user_relationship`
(`group_id`,`user_id`,`group_user_relationship_reg_date`,`group_user_relationship_mod_date`)
VALUES( '2', 'user64', sysdate(), sysdate() );
INSERT INTO `group_user_relationship`
(`group_id`,`user_id`,`group_user_relationship_reg_date`,`group_user_relationship_mod_date`)
VALUES( '3', 'user65', sysdate(), sysdate() );
INSERT INTO `group_user_relationship`
(`group_id`,`user_id`,`group_user_relationship_reg_date`,`group_user_relationship_mod_date`)
VALUES( '4', 'user66', sysdate(), sysdate() );
INSERT INTO `group_user_relationship`
(`group_id`,`user_id`,`group_user_relationship_reg_date`,`group_user_relationship_mod_date`)
VALUES( '5', 'user67', sysdate(), sysdate() );
INSERT INTO `group_user_relationship`
(`group_id`,`user_id`,`group_user_relationship_reg_date`,`group_user_relationship_mod_date`)
VALUES( '6', 'user68', sysdate(), sysdate() );
INSERT INTO `group_user_relationship`
(`group_id`,`user_id`,`group_user_relationship_reg_date`,`group_user_relationship_mod_date`)
VALUES( '7', 'user69', sysdate(), sysdate() );
INSERT INTO `group_user_relationship`
(`group_id`,`user_id`,`group_user_relationship_reg_date`,`group_user_relationship_mod_date`)
VALUES( '8', 'user70', sysdate(), sysdate() );

select * from group_user_relationship order by user_id;

INSERT INTO group_message (`group_id`, `user_id`, `group_message_content`, `group_message_reg_date`,`group_message_mod_date`)
VALUES('1', 'user1', '메세지 test1', sysdate(), sysdate() );
INSERT INTO group_message (`group_id`, `user_id`, `group_message_content`, `group_message_reg_date`,`group_message_mod_date`)
VALUES('2', 'user2', '메세지 test2', sysdate(), sysdate() );
INSERT INTO group_message (`group_id`, `user_id`, `group_message_content`, `group_message_reg_date`,`group_message_mod_date`)
VALUES('3', 'user3', '메세지 test3', sysdate(), sysdate() );
INSERT INTO group_message (`group_id`, `user_id`, `group_message_content`, `group_message_reg_date`,`group_message_mod_date`)
VALUES('4', 'user4', '메세지 test4', sysdate(), sysdate() );
INSERT INTO group_message (`group_id`, `user_id`, `group_message_content`, `group_message_reg_date`,`group_message_mod_date`)
VALUES('5', 'user5', '메세지 test5', sysdate(), sysdate() );
INSERT INTO group_message (`group_id`, `user_id`, `group_message_content`, `group_message_reg_date`,`group_message_mod_date`)
VALUES('6', 'user6', '메세지 test6', sysdate(), sysdate() );
INSERT INTO group_message (`group_id`, `user_id`, `group_message_content`, `group_message_reg_date`,`group_message_mod_date`)
VALUES('7', 'user7', '메세지 test7', sysdate(), sysdate() );
INSERT INTO group_message (`group_id`, `user_id`, `group_message_content`, `group_message_reg_date`,`group_message_mod_date`)
VALUES('8', 'user8', '메세지 test8', sysdate(), sysdate() );
INSERT INTO group_message (`group_id`, `user_id`, `group_message_content`, `group_message_reg_date`,`group_message_mod_date`)
VALUES('9', 'user9', '메세지 test9', sysdate(), sysdate() );
INSERT INTO group_message (`group_id`, `user_id`, `group_message_content`, `group_message_reg_date`,`group_message_mod_date`)
VALUES('10', 'user10', '메세지 test10', sysdate(), sysdate() );

select * from group_message;


INSERT INTO notice(`notice_content`, `notice_reg_date`, `notice_mod_date`)
VALUES ( '공지 test1', sysdate(), sysdate() );
 INSERT INTO notice(`notice_content`, `notice_reg_date`, `notice_mod_date`)
VALUES ( '공지 test2', sysdate(), sysdate() );
 INSERT INTO notice(`notice_content`, `notice_reg_date`, `notice_mod_date`)
VALUES ( '공지 test3', sysdate(), sysdate() );
 INSERT INTO notice(`notice_content`, `notice_reg_date`, `notice_mod_date`)
VALUES ( '공지 test4', sysdate(), sysdate() );
 INSERT INTO notice(`notice_content`, `notice_reg_date`, `notice_mod_date`)
VALUES ( '공지 test5', sysdate(), sysdate() );

select * from notice;

INSERT INTO timer ( `user_id`, `timer_date`, `timer_accumulated_day`, `timer_reg_date`, `timer_mod_date`)
VALUES ('user1', sysdate(), '00:00:00', sysdate(), sysdate() );
INSERT INTO timer ( `user_id`, `timer_date`, `timer_accumulated_day`, `timer_reg_date`, `timer_mod_date`)
VALUES ('user2', sysdate(), '00:00:00', sysdate(), sysdate() );
INSERT INTO timer ( `user_id`, `timer_date`, `timer_accumulated_day`, `timer_reg_date`, `timer_mod_date`)
VALUES ('user3', sysdate(), '00:00:00', sysdate(), sysdate() );
INSERT INTO timer ( `user_id`, `timer_date`, `timer_accumulated_day`, `timer_reg_date`, `timer_mod_date`)
VALUES ('user4', sysdate(), '00:00:00', sysdate(), sysdate() );
INSERT INTO timer ( `user_id`, `timer_date`, `timer_accumulated_day`, `timer_reg_date`, `timer_mod_date`)
VALUES ('user5', sysdate(), '00:00:00', sysdate(), sysdate() );
INSERT INTO timer ( `user_id`, `timer_date`, `timer_accumulated_day`, `timer_reg_date`, `timer_mod_date`)
VALUES ('user6', sysdate(), '00:00:00', sysdate(), sysdate() );
INSERT INTO timer ( `user_id`, `timer_date`, `timer_accumulated_day`, `timer_reg_date`, `timer_mod_date`)
VALUES ('user7', sysdate(), '00:00:00', sysdate(), sysdate() );
INSERT INTO timer ( `user_id`, `timer_date`, `timer_accumulated_day`, `timer_reg_date`, `timer_mod_date`)
VALUES ('user8', sysdate(), '00:00:00', sysdate(), sysdate() );
INSERT INTO timer ( `user_id`, `timer_date`, `timer_accumulated_day`, `timer_reg_date`, `timer_mod_date`)
VALUES ('user9', sysdate(), '00:00:00', sysdate(), sysdate() );
INSERT INTO timer ( `user_id`, `timer_date`, `timer_accumulated_day`, `timer_reg_date`, `timer_mod_date`)
VALUES ('user10', sysdate(), '00:00:00', sysdate(), sysdate() );
INSERT INTO timer ( `user_id`, `timer_date`, `timer_accumulated_day`, `timer_reg_date`, `timer_mod_date`)
VALUES ('user11', sysdate(), '00:00:00', sysdate(), sysdate() );
INSERT INTO timer ( `user_id`, `timer_date`, `timer_accumulated_day`, `timer_reg_date`, `timer_mod_date`)
VALUES ('user12', sysdate(), '00:00:00', sysdate(), sysdate() );
INSERT INTO timer ( `user_id`, `timer_date`, `timer_accumulated_day`, `timer_reg_date`, `timer_mod_date`)
VALUES ('user13', sysdate(), '00:00:00', sysdate(), sysdate() );
INSERT INTO timer ( `user_id`, `timer_date`, `timer_accumulated_day`, `timer_reg_date`, `timer_mod_date`)
VALUES ('user14', sysdate(), '00:00:00', sysdate(), sysdate() );
INSERT INTO timer ( `user_id`, `timer_date`, `timer_accumulated_day`, `timer_reg_date`, `timer_mod_date`)
VALUES ('user15', sysdate(), '00:00:00', sysdate(), sysdate() );
INSERT INTO timer ( `user_id`, `timer_date`, `timer_accumulated_day`, `timer_reg_date`, `timer_mod_date`)
VALUES ('user16', sysdate(), '00:00:00', sysdate(), sysdate() );
INSERT INTO timer ( `user_id`, `timer_date`, `timer_accumulated_day`, `timer_reg_date`, `timer_mod_date`)
VALUES ('user17', sysdate(), '00:00:00', sysdate(), sysdate() );
INSERT INTO timer ( `user_id`, `timer_date`, `timer_accumulated_day`, `timer_reg_date`, `timer_mod_date`)
VALUES ('user18', sysdate(), '00:00:00', sysdate(), sysdate() );
INSERT INTO timer ( `user_id`, `timer_date`, `timer_accumulated_day`, `timer_reg_date`, `timer_mod_date`)
VALUES ('user19', sysdate(), '00:00:00', sysdate(), sysdate() );
INSERT INTO timer ( `user_id`, `timer_date`, `timer_accumulated_day`, `timer_reg_date`, `timer_mod_date`)
VALUES ('user20', sysdate(), '00:00:00', sysdate(), sysdate() );
INSERT INTO timer ( `user_id`, `timer_date`, `timer_accumulated_day`, `timer_reg_date`, `timer_mod_date`)
VALUES ('user21', sysdate(), '00:00:00', sysdate(), sysdate() );
INSERT INTO timer ( `user_id`, `timer_date`, `timer_accumulated_day`, `timer_reg_date`, `timer_mod_date`)
VALUES ('user22', sysdate(), '00:00:00', sysdate(), sysdate() );
INSERT INTO timer ( `user_id`, `timer_date`, `timer_accumulated_day`, `timer_reg_date`, `timer_mod_date`)
VALUES ('user23', sysdate(), '00:00:00', sysdate(), sysdate() );
INSERT INTO timer ( `user_id`, `timer_date`, `timer_accumulated_day`, `timer_reg_date`, `timer_mod_date`)
VALUES ('user24', sysdate(), '00:00:00', sysdate(), sysdate() );
INSERT INTO timer ( `user_id`, `timer_date`, `timer_accumulated_day`, `timer_reg_date`, `timer_mod_date`)
VALUES ('user25', sysdate(), '00:00:00', sysdate(), sysdate() );
INSERT INTO timer ( `user_id`, `timer_date`, `timer_accumulated_day`, `timer_reg_date`, `timer_mod_date`)
VALUES ('user26', sysdate(), '00:00:00', sysdate(), sysdate() );
INSERT INTO timer ( `user_id`, `timer_date`, `timer_accumulated_day`, `timer_reg_date`, `timer_mod_date`)
VALUES ('user27', sysdate(), '00:00:00', sysdate(), sysdate() );
INSERT INTO timer ( `user_id`, `timer_date`, `timer_accumulated_day`, `timer_reg_date`, `timer_mod_date`)
VALUES ('user28', sysdate(), '00:00:00', sysdate(), sysdate() );
INSERT INTO timer ( `user_id`, `timer_date`, `timer_accumulated_day`, `timer_reg_date`, `timer_mod_date`)
VALUES ('user29', sysdate(), '00:00:00', sysdate(), sysdate() );
INSERT INTO timer ( `user_id`, `timer_date`, `timer_accumulated_day`, `timer_reg_date`, `timer_mod_date`)
VALUES ('user30', sysdate(), '00:00:00', sysdate(), sysdate() );
INSERT INTO timer ( `user_id`, `timer_date`, `timer_accumulated_day`, `timer_reg_date`, `timer_mod_date`)
VALUES ('user31', sysdate(), '00:00:00', sysdate(), sysdate() );
INSERT INTO timer ( `user_id`, `timer_date`, `timer_accumulated_day`, `timer_reg_date`, `timer_mod_date`)
VALUES ('user32', sysdate(), '00:00:00', sysdate(), sysdate() );
INSERT INTO timer ( `user_id`, `timer_date`, `timer_accumulated_day`, `timer_reg_date`, `timer_mod_date`)
VALUES ('user33', sysdate(), '00:00:00', sysdate(), sysdate() );
INSERT INTO timer ( `user_id`, `timer_date`, `timer_accumulated_day`, `timer_reg_date`, `timer_mod_date`)
VALUES ('user34', sysdate(), '00:00:00', sysdate(), sysdate() );
INSERT INTO timer ( `user_id`, `timer_date`, `timer_accumulated_day`, `timer_reg_date`, `timer_mod_date`)
VALUES ('user35', sysdate(), '00:00:00', sysdate(), sysdate() );
INSERT INTO timer ( `user_id`, `timer_date`, `timer_accumulated_day`, `timer_reg_date`, `timer_mod_date`)
VALUES ('user36', sysdate(), '00:00:00', sysdate(), sysdate() );
INSERT INTO timer ( `user_id`, `timer_date`, `timer_accumulated_day`, `timer_reg_date`, `timer_mod_date`)
VALUES ('user37', sysdate(), '00:00:00', sysdate(), sysdate() );
INSERT INTO timer ( `user_id`, `timer_date`, `timer_accumulated_day`, `timer_reg_date`, `timer_mod_date`)
VALUES ('user38', sysdate(), '00:00:00', sysdate(), sysdate() );
INSERT INTO timer ( `user_id`, `timer_date`, `timer_accumulated_day`, `timer_reg_date`, `timer_mod_date`)
VALUES ('user39', sysdate(), '00:00:00', sysdate(), sysdate() );
INSERT INTO timer ( `user_id`, `timer_date`, `timer_accumulated_day`, `timer_reg_date`, `timer_mod_date`)
VALUES ('user40', sysdate(), '00:00:00', sysdate(), sysdate() );
INSERT INTO timer ( `user_id`, `timer_date`, `timer_accumulated_day`, `timer_reg_date`, `timer_mod_date`)
VALUES ('user41', sysdate(), '00:00:00', sysdate(), sysdate() );
INSERT INTO timer ( `user_id`, `timer_date`, `timer_accumulated_day`, `timer_reg_date`, `timer_mod_date`)
VALUES ('user42', sysdate(), '00:00:00', sysdate(), sysdate() );
INSERT INTO timer ( `user_id`, `timer_date`, `timer_accumulated_day`, `timer_reg_date`, `timer_mod_date`)
VALUES ('user43', sysdate(), '00:00:00', sysdate(), sysdate() );
INSERT INTO timer ( `user_id`, `timer_date`, `timer_accumulated_day`, `timer_reg_date`, `timer_mod_date`)
VALUES ('user44', sysdate(), '00:00:00', sysdate(), sysdate() );
INSERT INTO timer ( `user_id`, `timer_date`, `timer_accumulated_day`, `timer_reg_date`, `timer_mod_date`)
VALUES ('user45', sysdate(), '00:00:00', sysdate(), sysdate() );
INSERT INTO timer ( `user_id`, `timer_date`, `timer_accumulated_day`, `timer_reg_date`, `timer_mod_date`)
VALUES ('user46', sysdate(), '00:00:00', sysdate(), sysdate() );
INSERT INTO timer ( `user_id`, `timer_date`, `timer_accumulated_day`, `timer_reg_date`, `timer_mod_date`)
VALUES ('user47', sysdate(), '00:00:00', sysdate(), sysdate() );
INSERT INTO timer ( `user_id`, `timer_date`, `timer_accumulated_day`, `timer_reg_date`, `timer_mod_date`)
VALUES ('user48', sysdate(), '00:00:00', sysdate(), sysdate() );
INSERT INTO timer ( `user_id`, `timer_date`, `timer_accumulated_day`, `timer_reg_date`, `timer_mod_date`)
VALUES ('user49', sysdate(), '00:00:00', sysdate(), sysdate() );
INSERT INTO timer ( `user_id`, `timer_date`, `timer_accumulated_day`, `timer_reg_date`, `timer_mod_date`)
VALUES ('user50', sysdate(), '00:00:00', sysdate(), sysdate() );
INSERT INTO timer ( `user_id`, `timer_date`, `timer_accumulated_day`, `timer_reg_date`, `timer_mod_date`)
VALUES ('user51', sysdate(), '00:00:00', sysdate(), sysdate() );
INSERT INTO timer ( `user_id`, `timer_date`, `timer_accumulated_day`, `timer_reg_date`, `timer_mod_date`)
VALUES ('user52', sysdate(), '00:00:00', sysdate(), sysdate() );
INSERT INTO timer ( `user_id`, `timer_date`, `timer_accumulated_day`, `timer_reg_date`, `timer_mod_date`)
VALUES ('user53', sysdate(), '00:00:00', sysdate(), sysdate() );
INSERT INTO timer ( `user_id`, `timer_date`, `timer_accumulated_day`, `timer_reg_date`, `timer_mod_date`)
VALUES ('user54', sysdate(), '00:00:00', sysdate(), sysdate() );
INSERT INTO timer ( `user_id`, `timer_date`, `timer_accumulated_day`, `timer_reg_date`, `timer_mod_date`)
VALUES ('user55', sysdate(), '00:00:00', sysdate(), sysdate() );
INSERT INTO timer ( `user_id`, `timer_date`, `timer_accumulated_day`, `timer_reg_date`, `timer_mod_date`)
VALUES ('user56', sysdate(), '00:00:00', sysdate(), sysdate() );
INSERT INTO timer ( `user_id`, `timer_date`, `timer_accumulated_day`, `timer_reg_date`, `timer_mod_date`)
VALUES ('user57', sysdate(), '00:00:00', sysdate(), sysdate() );
INSERT INTO timer ( `user_id`, `timer_date`, `timer_accumulated_day`, `timer_reg_date`, `timer_mod_date`)
VALUES ('user58', sysdate(), '00:00:00', sysdate(), sysdate() );
INSERT INTO timer ( `user_id`, `timer_date`, `timer_accumulated_day`, `timer_reg_date`, `timer_mod_date`)
VALUES ('user59', sysdate(), '00:00:00', sysdate(), sysdate() );
INSERT INTO timer ( `user_id`, `timer_date`, `timer_accumulated_day`, `timer_reg_date`, `timer_mod_date`)
VALUES ('user60', sysdate(), '00:00:00', sysdate(), sysdate() );
INSERT INTO timer ( `user_id`, `timer_date`, `timer_accumulated_day`, `timer_reg_date`, `timer_mod_date`)
VALUES ('user61', sysdate(), '00:00:00', sysdate(), sysdate() );
INSERT INTO timer ( `user_id`, `timer_date`, `timer_accumulated_day`, `timer_reg_date`, `timer_mod_date`)
VALUES ('user62', sysdate(), '00:00:00', sysdate(), sysdate() );
INSERT INTO timer ( `user_id`, `timer_date`, `timer_accumulated_day`, `timer_reg_date`, `timer_mod_date`)
VALUES ('user63', sysdate(), '00:00:00', sysdate(), sysdate() );
INSERT INTO timer ( `user_id`, `timer_date`, `timer_accumulated_day`, `timer_reg_date`, `timer_mod_date`)
VALUES ('user64', sysdate(), '00:00:00', sysdate(), sysdate() );
INSERT INTO timer ( `user_id`, `timer_date`, `timer_accumulated_day`, `timer_reg_date`, `timer_mod_date`)
VALUES ('user65', sysdate(), '00:00:00', sysdate(), sysdate() );
INSERT INTO timer ( `user_id`, `timer_date`, `timer_accumulated_day`, `timer_reg_date`, `timer_mod_date`)
VALUES ('user66', sysdate(), '00:00:00', sysdate(), sysdate() );
INSERT INTO timer ( `user_id`, `timer_date`, `timer_accumulated_day`, `timer_reg_date`, `timer_mod_date`)
VALUES ('user67', sysdate(), '00:00:00', sysdate(), sysdate() );
INSERT INTO timer ( `user_id`, `timer_date`, `timer_accumulated_day`, `timer_reg_date`, `timer_mod_date`)
VALUES ('user68', sysdate(), '00:00:00', sysdate(), sysdate() );
INSERT INTO timer ( `user_id`, `timer_date`, `timer_accumulated_day`, `timer_reg_date`, `timer_mod_date`)
VALUES ('user69', sysdate(), '00:00:00', sysdate(), sysdate() );
INSERT INTO timer ( `user_id`, `timer_date`, `timer_accumulated_day`, `timer_reg_date`, `timer_mod_date`)
VALUES ('user70', sysdate(), '00:00:00', sysdate(), sysdate() );
INSERT INTO timer ( `user_id`, `timer_date`, `timer_accumulated_day`, `timer_reg_date`, `timer_mod_date`)
VALUES ('user71', sysdate(), '00:00:00', sysdate(), sysdate() );
INSERT INTO timer ( `user_id`, `timer_date`, `timer_accumulated_day`, `timer_reg_date`, `timer_mod_date`)
VALUES ('user72', sysdate(), '00:00:00', sysdate(), sysdate() );
INSERT INTO timer ( `user_id`, `timer_date`, `timer_accumulated_day`, `timer_reg_date`, `timer_mod_date`)
VALUES ('user73', sysdate(), '00:00:00', sysdate(), sysdate() );
INSERT INTO timer ( `user_id`, `timer_date`, `timer_accumulated_day`, `timer_reg_date`, `timer_mod_date`)
VALUES ('user74', sysdate(), '00:00:00', sysdate(), sysdate() );
INSERT INTO timer ( `user_id`, `timer_date`, `timer_accumulated_day`, `timer_reg_date`, `timer_mod_date`)
VALUES ('user75', sysdate(), '00:00:00', sysdate(), sysdate() );
INSERT INTO timer ( `user_id`, `timer_date`, `timer_accumulated_day`, `timer_reg_date`, `timer_mod_date`)
VALUES ('user76', sysdate(), '00:00:00', sysdate(), sysdate() );
INSERT INTO timer ( `user_id`, `timer_date`, `timer_accumulated_day`, `timer_reg_date`, `timer_mod_date`)
VALUES ('user77', sysdate(), '00:00:00', sysdate(), sysdate() );
INSERT INTO timer ( `user_id`, `timer_date`, `timer_accumulated_day`, `timer_reg_date`, `timer_mod_date`)
VALUES ('user78', sysdate(), '00:00:00', sysdate(), sysdate() );
INSERT INTO timer ( `user_id`, `timer_date`, `timer_accumulated_day`, `timer_reg_date`, `timer_mod_date`)
VALUES ('user79', sysdate(), '00:00:00', sysdate(), sysdate() );
INSERT INTO timer ( `user_id`, `timer_date`, `timer_accumulated_day`, `timer_reg_date`, `timer_mod_date`)
VALUES ('user80', sysdate(), '00:00:00', sysdate(), sysdate() );
INSERT INTO timer ( `user_id`, `timer_date`, `timer_accumulated_day`, `timer_reg_date`, `timer_mod_date`)
VALUES ('user81', sysdate(), '00:00:00', sysdate(), sysdate() );
INSERT INTO timer ( `user_id`, `timer_date`, `timer_accumulated_day`, `timer_reg_date`, `timer_mod_date`)
VALUES ('user82', sysdate(), '00:00:00', sysdate(), sysdate() );
INSERT INTO timer ( `user_id`, `timer_date`, `timer_accumulated_day`, `timer_reg_date`, `timer_mod_date`)
VALUES ('user83', sysdate(), '00:00:00', sysdate(), sysdate() );
INSERT INTO timer ( `user_id`, `timer_date`, `timer_accumulated_day`, `timer_reg_date`, `timer_mod_date`)
VALUES ('user84', sysdate(), '00:00:00', sysdate(), sysdate() );
INSERT INTO timer ( `user_id`, `timer_date`, `timer_accumulated_day`, `timer_reg_date`, `timer_mod_date`)
VALUES ('user85', sysdate(), '00:00:00', sysdate(), sysdate() );
INSERT INTO timer ( `user_id`, `timer_date`, `timer_accumulated_day`, `timer_reg_date`, `timer_mod_date`)
VALUES ('user86', sysdate(), '00:00:00', sysdate(), sysdate() );
INSERT INTO timer ( `user_id`, `timer_date`, `timer_accumulated_day`, `timer_reg_date`, `timer_mod_date`)
VALUES ('user87', sysdate(), '00:00:00', sysdate(), sysdate() );
INSERT INTO timer ( `user_id`, `timer_date`, `timer_accumulated_day`, `timer_reg_date`, `timer_mod_date`)
VALUES ('user88', sysdate(), '00:00:00', sysdate(), sysdate() );
INSERT INTO timer ( `user_id`, `timer_date`, `timer_accumulated_day`, `timer_reg_date`, `timer_mod_date`)
VALUES ('user89', sysdate(), '00:00:00', sysdate(), sysdate() );
INSERT INTO timer ( `user_id`, `timer_date`, `timer_accumulated_day`, `timer_reg_date`, `timer_mod_date`)
VALUES ('user90', sysdate(), '00:00:00', sysdate(), sysdate() );
INSERT INTO timer ( `user_id`, `timer_date`, `timer_accumulated_day`, `timer_reg_date`, `timer_mod_date`)
VALUES ('user91', sysdate(), '00:00:00', sysdate(), sysdate() );
INSERT INTO timer ( `user_id`, `timer_date`, `timer_accumulated_day`, `timer_reg_date`, `timer_mod_date`)
VALUES ('user92', sysdate(), '00:00:00', sysdate(), sysdate() );
INSERT INTO timer ( `user_id`, `timer_date`, `timer_accumulated_day`, `timer_reg_date`, `timer_mod_date`)
VALUES ('user93', sysdate(), '00:00:00', sysdate(), sysdate() );
INSERT INTO timer ( `user_id`, `timer_date`, `timer_accumulated_day`, `timer_reg_date`, `timer_mod_date`)
VALUES ('user94', sysdate(), '00:00:00', sysdate(), sysdate() );
INSERT INTO timer ( `user_id`, `timer_date`, `timer_accumulated_day`, `timer_reg_date`, `timer_mod_date`)
VALUES ('user95', sysdate(), '00:00:00', sysdate(), sysdate() );
INSERT INTO timer ( `user_id`, `timer_date`, `timer_accumulated_day`, `timer_reg_date`, `timer_mod_date`)
VALUES ('user96', sysdate(), '00:00:00', sysdate(), sysdate() );
INSERT INTO timer ( `user_id`, `timer_date`, `timer_accumulated_day`, `timer_reg_date`, `timer_mod_date`)
VALUES ('user97', sysdate(), '00:00:00', sysdate(), sysdate() );
INSERT INTO timer ( `user_id`, `timer_date`, `timer_accumulated_day`, `timer_reg_date`, `timer_mod_date`)
VALUES ('user98', sysdate(), '00:00:00', sysdate(), sysdate() );
INSERT INTO timer ( `user_id`, `timer_date`, `timer_accumulated_day`, `timer_reg_date`, `timer_mod_date`)
VALUES ('user99', sysdate(), '00:00:00', sysdate(), sysdate() );
INSERT INTO timer ( `user_id`, `timer_date`, `timer_accumulated_day`, `timer_reg_date`, `timer_mod_date`)
VALUES ('user100', sysdate(), '00:00:00', sysdate(), sysdate() );

select * from timer;